{
  "schema_version": "1.0.0",
  "elements": [
    {
      "description": "`digital-clock`\na simple clock component\n\n![](digital-clock.png)\n\n### Styling\n\nCustom property | Description | Default\n----------------|-------------|----------\n'--digital-clock-alarm-icon' | mixin to define the size of the alarm icon | by default the size is 1vw\n'--digital-clock-date-size'  | font-size of the date | by default 50% of the component's font-size",
      "summary": "",
      "path": "digital-clock.html",
      "properties": [
        {
          "name": "locale",
          "type": "Object",
          "description": "the locale used to format the date and time\nby default, it will use the navigator language\n\nex : `en-US`, `fr-FR`",
          "privacy": "public",
          "sourceRange": {
            "start": {
              "line": 76,
              "column": 10
            },
            "end": {
              "line": 81,
              "column": 11
            }
          },
          "metadata": {
            "polymer": {}
          }
        },
        {
          "name": "seconds",
          "type": "boolean",
          "description": "indicate if seconds are displayed",
          "privacy": "public",
          "sourceRange": {
            "start": {
              "line": 87,
              "column": 10
            },
            "end": {
              "line": 90,
              "column": 11
            }
          },
          "metadata": {
            "polymer": {}
          },
          "defaultValue": "false"
        },
        {
          "name": "alarm",
          "type": "Object",
          "description": "alarm datetime\n\nThe alarm datetime must be given in ISO 8601,\nin Zulu timezone ( GMT ). \n\nex : `2017-07-27T13:50:00`",
          "privacy": "public",
          "sourceRange": {
            "start": {
              "line": 101,
              "column": 10
            },
            "end": {
              "line": 105,
              "column": 11
            }
          },
          "metadata": {
            "polymer": {
              "observer": "\"_alarmChanged\""
            }
          },
          "defaultValue": "null"
        },
        {
          "name": "_timeOpts",
          "type": "Object",
          "description": "the time display format (cf Intl.DateTimeFormat )",
          "privacy": "protected",
          "sourceRange": {
            "start": {
              "line": 111,
              "column": 10
            },
            "end": {
              "line": 117,
              "column": 11
            }
          },
          "metadata": {
            "polymer": {
              "readOnly": true
            }
          }
        },
        {
          "name": "_dateOpts",
          "type": "Object",
          "description": "the date display format (cf Intl.DateTimeFormat )",
          "privacy": "protected",
          "sourceRange": {
            "start": {
              "line": 123,
              "column": 10
            },
            "end": {
              "line": 129,
              "column": 11
            }
          },
          "metadata": {
            "polymer": {
              "readOnly": true
            }
          }
        }
      ],
      "methods": [
        {
          "name": "ready",
          "description": "",
          "privacy": "protected",
          "sourceRange": {
            "start": {
              "line": 139,
              "column": 6
            },
            "end": {
              "line": 143,
              "column": 7
            }
          },
          "metadata": {},
          "params": []
        },
        {
          "name": "_secondsChanged",
          "description": "",
          "privacy": "protected",
          "sourceRange": {
            "start": {
              "line": 145,
              "column": 6
            },
            "end": {
              "line": 151,
              "column": 7
            }
          },
          "metadata": {},
          "params": [
            {
              "name": "newValue"
            }
          ]
        },
        {
          "name": "_alarmChanged",
          "description": "",
          "privacy": "protected",
          "sourceRange": {
            "start": {
              "line": 153,
              "column": 6
            },
            "end": {
              "line": 160,
              "column": 7
            }
          },
          "metadata": {},
          "params": []
        },
        {
          "name": "_calcDateTime",
          "description": "",
          "privacy": "protected",
          "sourceRange": {
            "start": {
              "line": 162,
              "column": 6
            },
            "end": {
              "line": 176,
              "column": 7
            }
          },
          "metadata": {},
          "params": []
        }
      ],
      "staticMethods": [],
      "demos": [
        {
          "url": "demo/index.html",
          "description": ""
        }
      ],
      "metadata": {},
      "sourceRange": {
        "start": {
          "line": 62,
          "column": 4
        },
        "end": {
          "line": 177,
          "column": 5
        }
      },
      "privacy": "public",
      "superclass": "HTMLElement",
      "name": "DigitalClock",
      "attributes": [
        {
          "name": "locale",
          "description": "the locale used to format the date and time\nby default, it will use the navigator language\n\nex : `en-US`, `fr-FR`",
          "sourceRange": {
            "start": {
              "line": 76,
              "column": 10
            },
            "end": {
              "line": 81,
              "column": 11
            }
          },
          "metadata": {},
          "type": "Object"
        },
        {
          "name": "seconds",
          "description": "indicate if seconds are displayed",
          "sourceRange": {
            "start": {
              "line": 87,
              "column": 10
            },
            "end": {
              "line": 90,
              "column": 11
            }
          },
          "metadata": {},
          "type": "boolean"
        },
        {
          "name": "alarm",
          "description": "alarm datetime\n\nThe alarm datetime must be given in ISO 8601,\nin Zulu timezone ( GMT ). \n\nex : `2017-07-27T13:50:00`",
          "sourceRange": {
            "start": {
              "line": 101,
              "column": 10
            },
            "end": {
              "line": 105,
              "column": 11
            }
          },
          "metadata": {},
          "type": "Object"
        }
      ],
      "events": [
        {
          "type": "CustomEvent",
          "name": "clock-alarm",
          "description": "clock-alarm",
          "metadata": {}
        }
      ],
      "styling": {
        "cssVariables": [],
        "selectors": []
      },
      "slots": [],
      "tagname": "digital-clock"
    }
  ]
}
